c_540,n_540,cd_540,d_540
16625.0,38415.8,7798.6,14101.8
15793.4,44647.8,7994.0,20280.2
11780.2,21492.6,5198.0,8575.2
19745.4,49110.0,9634.8,24785.6
16510.4,36578.4,9868.4,21021.2
12451.2,25115.2,6006.0,12380.0
13899.4,33875.2,6376.2,15140.8
10723.8,21773.6,4824.6,9351.0
10704.8,18520.4,5125.8,8542.4
11722.4,37997.8,6186.2,19120.2
13996.4,50363.4,6789.2,24012.0
9476.0,33206.2,4194.4,14891.0
11212.8,28062.6,5863.0,13782.2
12295.6,23173.4,4283.6,8038.4
13834.8,33007.4,6960.2,16924.8
13134.4,23941.2,6431.8,11337.8
15774.0,28164.6,8552.8,14983.8
10084.0,19204.2,4914.2,9471.0
18983.4,42691.0,8551.6,18504.2
12797.2,25686.6,5280.0,9789.8
12649.4,21777.2,6300.0,10635.8
13862.8,25853.0,5345.2,9963.6
21203.6,65675.8,10325.4,31279.0
17858.2,31572.2,7142.4,13426.4
13226.4,22586.6,6054.4,10663.4
12325.0,23952.2,4207.0,8559.2
14059.8,26797.6,5325.4,10166.4
24716.8,49218.8,7657.8,14623.4
17748.2,34879.8,9297.0,19004.6
14289.8,32404.4,6986.6,14407.4
16153.6,47491.4,8194.0,21915.2
17533.4,35260.6,8846.4,18739.0
16910.6,36031.0,7641.2,14139.4
21286.0,48421.2,12703.0,26980.6
11732.6,27877.4,6759.8,15733.0
29757.4,71767.2,11490.8,22281.6
6966.0,18890.2,4100.2,10777.2
9401.6,21631.4,4329.6,8735.6
16586.6,29733.0,4542.8,8748.6
12833.2,29016.4,4983.8,11698.4
10445.2,24510.4,5454.2,12670.0
15368.6,33339.0,5036.8,11645.0
18227.8,34481.6,9447.0,17883.8
11965.8,26118.4,5589.2,11515.6
16577.0,33119.0,8227.6,17127.6
12903.2,26320.4,6837.4,13784.6
16304.8,33260.2,7669.8,14286.0
13847.2,27149.0,5015.8,10328.8
13624.4,23300.2,5781.8,9080.8
11043.4,25216.0,4970.6,11758.0
14831.6,31708.2,6548.6,14442.0
21055.2,46352.8,6129.6,14487.6
12626.8,22794.8,6075.8,9832.8
16973.0,43095.0,8109.6,20285.6
13841.8,38355.2,6472.4,17443.8
12036.6,26999.0,4976.8,10990.2
14793.2,27344.6,7107.0,11669.8
15252.6,35968.2,5785.0,12946.6
21936.0,43902.6,6980.8,15095.0
8004.4,17053.8,4976.4,10621.4
20466.6,45776.2,10164.6,21840.0
13430.8,22832.0,4639.8,8451.2
14101.0,34666.4,8712.0,20599.2
10766.2,15139.6,5662.8,7828.8
12929.2,33124.2,7256.0,15512.6
30109.4,83628.6,16616.6,48099.2
13526.4,26422.8,4665.2,8610.4
18064.4,34950.2,7505.4,13979.8
23906.8,57266.8,9071.8,17331.2
16292.2,35359.2,9153.6,17763.6
9103.4,15781.4,5440.2,8602.6
11803.0,21047.8,6048.2,10939.6
11044.4,31795.0,6923.4,20243.4
18237.8,40622.4,9205.0,19512.6
13870.4,26139.4,4984.2,9599.8
15175.2,36568.8,6699.2,16912.8
14639.8,27692.6,5826.2,11625.6
9957.8,24102.6,5776.4,14028.0
15404.4,32950.8,7351.0,16383.4
16990.4,44752.6,7377.0,19099.2
19064.6,48619.4,10280.4,26066.6
13322.6,31686.6,5568.0,13892.2
10731.6,21499.0,4551.4,8705.8
8980.0,18144.8,5000.2,10296.2
9687.6,19295.0,5123.0,10753.2
13899.4,33875.2,6376.2,15140.8
24144.8,55738.8,11151.0,26388.8
14801.6,36126.2,6956.0,15664.2
10418.0,22720.2,5308.6,10719.2
14823.6,26246.8,7507.0,13914.8
9879.8,22220.0,3446.6,8123.8
17151.6,57630.8,8166.8,23893.0
18198.2,37517.6,7757.6,16723.8
15901.2,36680.0,6581.6,16101.4
13765.4,32074.6,5333.0,12820.2
23363.0,47673.6,8104.8,17310.0
20636.4,71150.6,8794.4,29816.2
9395.6,21502.8,4264.4,9335.4
15341.4,30681.2,6692.8,13877.2
13094.0,33329.2,6278.2,14682.6
21349.4,52531.8,13676.6,33168.2
11629.6,22722.8,4981.8,10021.8
13022.6,32283.0,5202.0,13443.0
5666.2,11263.6,2827.2,5067.0
16101.2,34142.2,5417.2,12015.8
15431.4,38940.8,8593.0,20261.8
13643.8,24702.6,4745.8,7114.4
15528.6,27137.2,8329.2,15161.8
24227.8,44482.6,9691.2,18504.8
8737.4,18033.8,4214.8,8902.0
15886.0,39750.4,8339.8,20620.4
16826.8,34314.8,6166.2,12751.4
13094.2,26174.2,6432.0,13013.8
33604.6,78473.4,11534.4,26120.2
17868.6,33496.8,9182.8,17876.6
15530.6,35884.8,8644.6,19172.0
14736.6,31652.2,7442.2,16124.2
8667.8,18385.6,3760.0,7889.4
13536.0,33500.8,4668.0,10817.4
12434.4,28244.4,5088.6,10382.8
15055.8,28613.8,7720.0,15207.2
8157.4,17960.2,3942.0,8134.4
12225.2,20399.6,5633.0,8548.6
9383.2,15576.4,4003.2,6889.4
17642.6,36686.0,6706.6,14032.6
20163.4,38525.4,10306.2,17417.4
19589.8,40367.4,7695.8,16636.4
12517.0,27211.0,4966.6,11000.4
9383.2,15576.4,4003.2,6889.4
24557.8,56523.4,9519.8,20739.8
15112.4,34868.2,8904.6,19940.6
10295.0,26861.2,6448.0,16062.6
21288.6,40884.4,9217.4,16186.8
8025.6,17011.0,4320.2,8808.8
16304.8,33260.2,7669.8,14286.0
11968.6,28653.6,5084.6,12375.2
7884.6,18365.8,4194.4,10012.6
12334.2,24615.4,4817.4,10285.4
11040.2,28566.8,6120.4,15837.4
19110.4,43732.8,8574.4,18765.2
16917.0,32295.6,6618.4,12516.2
13466.4,25145.4,6562.8,12434.8
17958.6,40401.8,7877.6,17545.8
33107.4,52228.6,13557.6,19568.0
19110.4,43732.8,8574.4,18765.2
8150.0,25451.0,4303.4,13213.4
11029.0,20221.6,6390.6,11819.8
19641.8,35835.2,6803.6,12614.4
23971.4,41375.4,7670.2,12580.6
16502.8,34208.4,7396.8,14157.8
15552.2,45240.6,7783.0,23295.4
22467.2,54831.2,10905.4,24234.8
9173.8,20425.8,5059.4,11386.4
17735.6,49346.8,6684.6,17843.2
11425.6,30635.8,3666.8,10457.4
19657.0,58660.6,9550.6,29022.2
16994.6,36427.2,7576.0,14111.6
16937.0,34161.4,9599.2,19972.2
16531.6,38547.0,6547.8,16160.8
8835.2,22241.0,3533.4,8911.8
20597.4,38209.6,11312.0,20454.6
20472.4,44230.6,8703.4,16560.6
9257.2,22522.6,3820.6,9390.8
18227.8,34481.6,9447.0,17883.8
17921.4,44999.6,8582.0,19335.8
13555.2,24289.4,5619.2,10594.2
19657.0,58660.6,9550.6,29022.2
11698.2,16409.0,3958.2,5609.8
12582.2,26561.2,6910.2,14381.6
14288.0,28231.8,8109.0,15964.4
18994.8,41371.8,9970.2,22043.0
16439.6,36363.8,7780.8,16105.6
17138.6,34083.8,9066.8,16598.6
17100.6,38724.2,11254.6,25852.4
17322.8,33009.2,8671.8,16455.6
15511.4,26029.8,9800.0,15012.8
21038.6,51782.4,11580.8,28196.0
13497.6,33970.6,6796.8,17164.8
15588.4,47330.2,8482.6,25597.0
18722.6,41263.0,9554.2,19830.2
8067.4,18630.2,3381.4,7814.8
16937.0,34161.4,9599.2,19972.2
14950.0,33419.0,4810.8,10608.6
22762.2,47474.2,8212.2,15228.4
11044.4,31795.0,6923.4,20243.4
9193.4,19484.0,4072.2,8623.8
17190.4,55176.2,7383.6,23347.6
9442.6,24873.0,4850.8,11643.8
27052.4,74263.8,14306.8,40213.2
9141.8,19013.4,3584.0,7540.2
14478.4,28869.4,7185.2,14267.6
17248.2,37435.8,7328.8,15510.8
12582.4,24570.4,5094.4,10403.2
13466.4,25145.4,6562.8,12434.8
15582.8,36087.2,7402.8,15933.2
35257.2,78789.0,13467.6,30002.8
14464.4,31087.4,7011.0,14915.8
21203.6,65675.8,10325.4,31279.0
14971.2,40664.4,8918.6,24011.4
11416.2,27817.4,4879.8,11723.2
7669.2,19856.6,4658.6,11259.6
11718.6,28725.0,5493.4,12514.2
13367.2,26486.8,5510.2,10298.4
18413.6,37438.6,8148.0,17342.0
10238.0,30995.4,5205.2,15094.6
10654.0,24414.4,6080.8,13532.2
15588.4,31363.2,7527.2,14762.6
5932.6,24297.4,3723.4,15497.6
11428.6,22845.8,3755.4,7328.8
11738.0,34068.6,5070.0,14326.2
13442.8,25745.8,6015.4,10795.4
12042.0,27110.0,4379.8,10213.6
14459.2,36136.8,7165.4,18185.8
17956.0,39991.6,9005.2,19278.2
17568.2,49427.6,9064.0,21101.4
16562.0,32710.0,6657.4,13568.8
14723.6,28884.8,8538.2,15906.6
8177.6,25324.4,2873.6,9253.2
13416.4,25631.8,7298.8,12934.2
9141.8,19013.4,3584.0,7540.2
16345.6,40374.0,8060.6,18277.6
7797.8,17173.0,4064.6,8194.8
11980.8,32726.0,5273.6,13077.6
21546.2,46765.4,8323.8,17624.4
14801.6,36126.2,6956.0,15664.2
12636.0,33481.8,5447.2,13037.2
40655.2,71723.6,17165.8,28809.4
19482.4,36343.2,8985.0,15669.0
10698.2,21108.4,3636.8,7500.0
12138.6,26421.8,4850.2,10549.6
11220.2,29257.6,5743.8,13876.2
16409.2,40747.2,7617.0,16708.4
14823.6,26246.8,7507.0,13914.8
26032.0,39671.0,14700.2,23019.0
13822.4,31272.4,5592.4,11618.0
15158.2,45621.6,7925.2,24060.0
12644.4,24359.8,4359.8,6909.2
16886.6,33872.2,5791.6,11681.2
7797.8,17173.0,4064.6,8194.8
7044.4,13857.8,4472.8,8524.4
15322.4,33769.2,8464.8,17217.8
7915.6,16432.6,3279.8,6619.6
14184.6,22882.0,6519.0,10621.0
11342.4,27089.0,6711.2,15849.6
18507.0,36935.2,9275.4,18303.6
15661.2,32597.0,9919.6,19538.4
14542.0,25208.4,5974.4,9365.0
14706.6,31866.6,5622.8,11743.2
13089.4,55340.6,7186.2,26664.0
11621.0,23183.6,5376.8,9788.8
18129.4,43296.2,8790.2,17510.2
14814.0,37507.8,6637.4,15677.2
17565.8,41038.0,9739.6,20570.8
17983.4,48869.8,8782.8,23812.0
28365.0,60716.4,10907.8,23832.6
13494.6,42914.6,7275.2,22951.2
13924.4,25318.6,6702.2,12573.6
24559.6,58917.4,9453.0,21820.4
17651.4,39314.8,8721.2,18766.6
17509.2,39210.6,6594.4,13287.4
17007.0,37479.8,8261.8,15941.4
19657.0,58660.6,9550.6,29022.2
12895.0,26982.0,5270.4,10717.6
21349.4,52531.8,13676.6,33168.2
16968.2,31511.4,6018.6,10533.8
9559.0,21122.6,4686.8,9611.4
12826.0,27404.2,7522.0,13891.8
26084.4,57873.2,7650.6,16018.0
14969.8,25726.8,4974.0,8442.2
22888.4,41335.0,12836.2,22943.4
8372.2,15370.6,4320.2,7685.6
11705.8,31118.0,4629.2,12306.6
11961.8,19762.2,5057.4,7935.0
13399.8,36914.2,6075.6,15844.2
14574.6,33366.4,7287.4,16092.0
11880.0,28244.6,5687.6,13517.4
13854.4,39267.6,7294.6,18304.8
21366.8,48314.6,9552.0,21418.6
20699.4,45409.4,6740.6,14993.0
11708.6,26593.6,5846.6,12351.0
11691.6,29425.8,6544.0,15341.4
14508.8,31202.6,5830.6,12900.6
17058.6,36715.8,6860.4,12966.4
10959.6,29091.2,4351.8,11147.4
12191.4,27631.4,6208.8,14582.0
7877.2,17765.4,3787.4,7832.8
20911.2,38162.4,10398.6,18653.2
14404.4,24002.0,6792.4,12070.0
14924.2,32859.0,5875.6,13021.0
21876.2,47019.4,12262.6,25747.4
14354.0,27641.8,5250.4,10098.0
19647.6,49351.8,8002.6,20437.4
15310.0,29838.2,6023.6,12496.2
9466.2,16040.4,5538.8,9568.8
10452.0,17323.6,3205.0,5124.4
11044.4,31795.0,6923.4,20243.4
11946.0,24443.4,5549.0,10722.8
10499.8,21066.0,4837.4,8788.4
19700.6,43327.8,8163.4,18650.2
18969.2,49302.8,8158.4,21935.2
21045.2,40257.8,7714.0,15359.8
21381.6,46024.6,9344.6,19526.6
7952.0,13968.6,2735.0,5151.4
10894.0,20467.4,5547.8,9199.4
12715.8,29694.6,4220.4,10426.4
10809.2,21385.8,5120.2,10368.6
11643.2,28408.4,6209.8,15492.8
11705.8,31118.0,4629.2,12306.6
14653.4,39903.8,7162.0,20048.4
12225.2,20399.6,5633.0,8548.6
20687.2,40368.0,9339.2,16017.0
13913.2,28400.4,8428.8,16515.6
15850.8,29148.2,7678.6,13345.2
11548.6,27854.2,6667.0,15605.6
14664.0,45063.8,7505.4,19550.6
14617.0,32458.6,6485.4,15191.8
14134.6,23273.2,8602.4,13342.0
10184.0,20121.0,3955.2,8107.2
13012.2,36448.8,6567.6,17676.8
11691.6,29425.8,6544.0,15341.4
11370.2,35825.0,5089.2,12373.8
14899.8,50498.8,5488.0,19644.0
13615.0,27500.2,6371.8,11059.6
10193.8,22174.6,4938.0,10003.0
13571.2,29136.0,6464.2,13359.2
19307.2,45591.4,9304.4,21468.8
13026.4,27285.2,6400.2,12545.2
13417.6,23893.4,6592.0,12295.2
12196.6,22542.6,5552.0,10016.8
12839.2,33999.0,7445.8,19947.2
13293.0,19991.0,5462.0,8730.0
10315.0,28160.8,4881.2,13633.4
19417.8,40176.6,7737.2,13403.0
15009.8,27447.0,9781.6,16700.4
16840.6,27386.2,10111.4,16414.8
16304.8,33260.2,7669.8,14286.0
15787.6,35411.8,6929.8,14308.4
19508.4,42392.0,10716.6,23177.0
7669.2,19856.6,4658.6,11259.6
10533.0,18566.6,6659.4,11668.2
13089.4,55340.6,7186.2,26664.0
9255.4,20212.2,4829.0,10348.0
15051.2,49410.8,8209.6,26374.6
16290.2,30257.0,6216.6,11175.0
13381.8,29191.2,6462.4,13638.2
20752.2,51468.6,11781.2,29772.4
13899.4,33875.2,6376.2,15140.8
11038.4,22399.2,4778.2,10008.2
8025.6,17011.0,4320.2,8808.8
10451.2,21964.0,5727.8,12593.4
20445.4,45708.0,11709.0,27018.0
18256.2,39583.4,7189.0,15608.6
11347.4,25866.4,6005.0,13899.6
10003.4,22067.4,4707.4,10357.2
9275.6,18190.4,4205.6,8470.8
21379.6,35153.0,7983.0,12967.6
21080.6,34402.2,8072.6,13999.4
14552.4,29378.6,6381.8,12723.2
23301.6,60397.0,10189.8,26172.2
16397.4,36349.6,5951.0,13021.8
10837.0,22597.0,4934.6,9726.8
11375.4,25523.0,5142.6,11100.0
27468.4,55074.4,12840.2,22651.0
17568.2,49427.6,9064.0,21101.4
12977.0,26510.0,5393.0,11469.6
17615.6,40642.0,8160.0,15375.2
11980.8,32726.0,5273.6,13077.6
15683.2,37118.0,9669.0,22182.2
19134.8,38107.2,6070.4,10028.0
21016.4,46908.2,9039.0,20624.2
8769.6,19553.0,5598.4,11213.2
16865.4,35299.2,8821.2,17665.0
10373.8,19911.2,4887.4,9117.0
20605.2,40224.6,8441.6,16480.6
5709.4,12686.4,3068.4,6558.0
22736.2,43752.6,11295.6,21539.0
11015.0,21959.8,4425.2,9318.4
11389.4,25458.4,4944.4,7889.6
11030.8,24863.8,6416.6,13471.8
13093.2,33150.2,7303.0,18678.2
12438.2,35836.4,7570.2,20502.6
18823.0,47745.2,12961.8,29327.4
18078.0,30837.2,6404.4,11489.4
18933.6,40465.8,9141.6,19359.2
7936.2,21732.4,5870.2,15489.2
11238.4,31449.0,4486.4,12538.2
13589.4,26818.6,6306.8,11257.0
18197.8,37334.4,8052.8,16159.2
21349.4,52531.8,13676.6,33168.2
12345.8,25112.2,7736.8,15236.2
15402.2,39706.4,7103.4,16142.6
19243.4,42899.4,8875.8,20929.0
8908.2,16846.4,4299.2,8206.8
16464.2,36896.4,7529.6,17579.6
14268.2,33009.6,5887.8,13248.2
16152.4,31332.0,6157.6,12725.4
18007.8,42363.4,10881.4,26103.6
26032.0,39671.0,14700.2,23019.0
16933.2,31334.6,8701.4,16024.4
13143.2,23567.0,5876.6,10374.6
15178.8,28158.2,6804.2,12318.6
14181.8,31507.4,7344.0,16340.8
17320.4,51965.4,7206.4,23067.6
13315.4,32870.2,7934.4,19079.0
15310.2,33272.4,7573.2,14926.6
13199.2,21108.4,7412.4,11429.2
13899.4,33875.2,6376.2,15140.8
10294.0,19723.8,4136.0,8273.8
10564.8,22794.6,6060.6,12639.2
15639.0,43879.0,6479.6,17136.8
13283.8,40605.2,6703.8,20379.0
9314.6,16757.6,4270.8,7160.2
9381.6,19121.0,5031.8,8935.2
12875.2,21179.2,4371.8,7251.4
14803.8,41086.2,7979.2,20727.8
25418.8,45681.2,10943.6,19195.2
14206.0,31572.2,5958.6,12600.6
11541.2,31981.4,6029.6,15959.0
21045.2,40257.8,7714.0,15359.8
18332.8,55625.8,8672.8,22045.2
15593.6,40027.0,6931.6,16398.8
12817.8,33261.4,5772.8,13896.6
13899.4,33875.2,6376.2,15140.8
12878.6,25145.4,5332.6,10180.2
8761.2,17048.4,3943.2,7269.6
9275.6,18190.4,4205.6,8470.8
27504.8,68248.0,11490.4,27009.6
8453.8,15929.8,4618.6,8554.0
25979.4,61927.4,5921.2,14307.8
18301.4,39115.4,7171.8,15403.4
11625.2,23875.0,5643.0,11208.4
13416.4,25631.8,7298.8,12934.2
15481.2,30181.0,6803.6,12752.0
34143.6,98506.2,12365.8,34219.2
28357.4,65248.2,17067.0,40687.2
25418.8,45681.2,10943.6,19195.2
9820.2,21422.8,4051.0,8252.6
8925.0,15263.6,3524.2,5671.4
13822.4,31272.4,5592.4,11618.0
12915.2,25603.4,7465.0,14867.0
50470.8,86360.0,14305.4,25972.4
8573.0,16779.6,3041.0,6318.6
9623.6,22154.6,5909.6,13189.6
14134.6,23273.2,8602.4,13342.0
14908.6,31171.6,6623.2,14114.2
15647.0,39718.8,6451.0,17119.0
13938.6,34755.4,5813.0,15415.2
17959.4,34358.8,7678.4,15343.6
6921.4,15441.8,2400.0,5668.8
8432.2,18926.6,4680.4,10615.0
15213.4,31949.0,5517.4,11728.0
14243.8,27377.4,7368.2,13308.4
13361.8,30808.4,7802.6,17662.6
14542.0,25208.4,5974.4,9365.0
13399.8,36914.2,6075.6,15844.2
24717.0,44827.2,12801.4,24097.4
17837.4,38191.8,5587.8,9955.0
13913.8,36666.6,6076.8,16335.0
11454.2,20962.2,7524.4,13443.4
17151.6,57630.8,8166.8,23893.0
15783.0,30623.2,6526.0,12719.4
17929.0,31255.2,7782.6,12772.6
39784.8,111904.4,20968.0,59909.4
10758.0,18745.6,5735.2,8969.8
16040.8,37178.8,6836.0,12464.8
16172.8,32377.6,7570.2,15760.6
8357.6,18112.6,4130.6,9175.2
10960.2,17568.4,4351.6,6641.6
15000.2,29761.6,5199.0,10209.8
14112.8,25402.4,5905.6,10179.0
10437.2,25767.0,4727.6,11980.4
10593.2,19251.2,4758.2,8655.8
10012.4,18896.4,4986.8,9914.6
10373.8,19911.2,4887.4,9117.0
15588.4,31363.2,7527.2,14762.6
9275.4,20379.0,5105.2,10003.4
18256.2,39583.4,7189.0,15608.6
10411.2,27437.4,5635.6,14107.4
16592.4,40215.2,7812.6,15878.6
8573.0,16779.6,3041.0,6318.6
14066.8,45014.2,7279.4,22129.8
16314.6,26505.2,7868.2,12702.8
15314.6,36299.0,5658.0,12840.4
11866.8,25523.8,6679.8,14325.8
18241.0,52430.0,9690.2,26826.0
18660.8,40035.6,9944.6,18669.6
25629.6,65970.0,8546.2,18632.2
12295.2,23223.6,6549.2,11602.6
17483.8,36843.4,10000.6,20536.8
16938.6,31571.0,6045.4,10936.2
8906.8,15114.0,3731.8,6449.8
12550.4,31176.6,7069.8,16345.6
15035.6,44323.6,7640.0,20390.6
27549.2,42305.2,14859.2,22386.4
31380.2,81231.2,15647.2,31526.4
7669.2,19856.6,4658.6,11259.6
22660.6,53490.0,9854.8,24384.8
20094.4,43398.6,12388.2,24488.6
11705.8,31118.0,4629.2,12306.6
17477.0,49252.0,11665.0,30137.0
12962.8,31838.4,5658.8,14229.4
19477.2,57012.0,7712.8,22636.8
7414.6,15535.6,4042.6,8775.0
21055.2,46352.8,6129.6,14487.6
17555.0,42917.6,7101.4,18032.8
29007.0,53098.8,13773.2,25920.2
11220.2,29257.6,5743.8,13876.2
15274.0,34432.2,7196.8,13262.6
15036.8,30231.8,8010.8,15406.6
17485.4,45634.8,6425.6,17101.0
17981.6,54276.2,8176.0,23773.4
12946.0,27890.0,5262.0,11234.6
9894.8,24968.4,4927.8,11844.6
21285.4,49772.2,8251.4,19083.8
12908.0,21916.2,5575.2,9961.6
14107.8,26265.2,5974.2,11216.4
15272.6,29565.6,7916.4,15924.0
28946.2,53910.6,11680.8,23112.6
13189.4,32259.4,5879.2,14898.4
17135.0,30117.0,9421.8,15190.4
14261.4,31389.4,6238.2,13972.8
18789.2,41517.0,9566.6,17066.2
21055.2,46352.8,6129.6,14487.6
12169.0,30097.6,5674.4,14559.6
13793.8,32332.6,6749.2,15922.6
11393.0,25461.2,4988.0,11528.6
13944.2,38395.6,6767.8,17647.6
10240.6,26623.6,6724.0,17711.0
16005.6,28805.6,4804.8,9061.8
18646.6,38595.0,10883.4,22784.4
8730.6,14453.4,4024.2,6942.0
14507.4,30826.8,5814.2,12629.6
11823.2,30055.4,5983.6,16103.4
15094.6,31081.2,8643.2,17473.2
15185.8,36460.4,5439.6,11391.4
15625.4,42913.6,9596.2,25737.0
16861.6,33247.8,7761.2,16149.8
9312.6,24007.0,4251.0,11133.2
16845.0,29841.4,7216.8,13410.6
13309.2,38813.4,6834.0,17934.6
19745.4,49110.0,9634.8,24785.6
15708.6,30016.6,8251.2,15395.2
9804.6,25228.4,5066.6,12681.6
23476.2,54254.8,12931.8,31099.0
11804.8,22741.4,4823.2,9260.8
17367.0,39050.8,10398.8,23833.2
23387.6,52990.4,11649.0,24232.6
19286.2,44052.8,8007.0,16634.2
11064.2,29214.4,4348.0,11760.2
20588.6,43182.0,9620.8,21385.8
12875.8,26645.2,6515.8,11695.8
11592.8,23719.8,6218.2,12258.2
9183.2,18912.4,3812.0,8243.6
13936.6,30627.0,6551.0,13453.0
20598.4,36303.6,8224.0,14842.4
12339.6,27992.0,5403.6,11511.8
14658.2,29740.6,8374.0,16380.6
24837.6,41075.8,9682.2,15053.4
11243.2,32200.6,5606.6,14769.0
8451.8,19051.4,2998.8,6992.0
10960.2,17568.4,4351.6,6641.6
10445.2,24510.4,5454.2,12670.0
18898.6,53041.6,6389.6,19061.4
12668.2,27356.2,8167.6,15806.6
9193.4,19484.0,4072.2,8623.8
7669.2,19856.6,4658.6,11259.6
16699.2,42859.6,7295.8,16757.6
15871.2,28656.0,6091.2,11442.6
10784.6,29426.4,4913.2,13977.6
17398.2,46608.4,6904.0,18269.6
10205.8,20270.0,5433.8,10538.0
9851.0,23947.0,5282.6,12587.4
16269.6,41573.6,9099.6,21771.2
15069.2,31646.0,6908.2,14251.2
15664.6,49747.6,6643.8,21156.8
10369.6,15415.4,4505.6,7026.2
17367.0,39050.8,10398.8,23833.2
12322.8,19722.6,4828.2,7005.0
14265.0,34702.4,7952.0,18356.4
14112.8,25402.4,5905.6,10179.0
8629.0,19379.0,4639.0,10543.4
14337.6,27409.8,8143.0,15810.8
8300.0,17386.0,4012.0,8628.0
18227.8,34481.6,9447.0,17883.8
19745.4,49110.0,9634.8,24785.6
12959.6,30435.6,6324.0,14392.8
12424.2,30820.0,6217.4,15535.0
11291.2,26280.4,6074.8,14410.8
13791.2,35307.4,6920.6,17700.2
8191.0,26599.0,4847.2,15472.6
10723.8,21773.6,4824.6,9351.0
21746.0,44949.4,9085.6,16041.2
21288.6,40884.4,9217.4,16186.8
14690.6,40512.0,6712.4,19744.8
8230.0,17243.8,3708.4,7739.4
15213.4,42679.2,9417.8,25122.6
13046.2,35629.0,5748.2,16624.8
16690.0,34208.6,7222.8,13133.2
13089.4,55340.6,7186.2,26664.0
12635.8,23079.8,6330.4,10189.0
13626.6,34284.4,7777.0,18764.0
18064.4,34950.2,7505.4,13979.8
10758.0,18745.6,5735.2,8969.8
23612.2,50984.8,7343.2,15403.4
10237.0,22751.6,5277.2,10810.2
15772.4,31576.6,6213.8,12269.6
14024.4,42613.4,7956.2,21934.2
14182.2,35652.4,6374.4,16036.0
9174.6,18085.6,4460.4,7887.6
12707.0,23984.6,4475.0,8293.8
8025.6,17011.0,4320.2,8808.8
18720.4,42520.6,9774.2,20238.4
19938.8,40831.2,8803.0,19120.2
12609.0,30133.4,7417.4,16175.8
29144.0,65804.6,10914.4,23840.0
20695.8,54471.4,13591.2,27272.6
17360.2,37605.4,6678.2,14700.8
16159.4,32174.2,8506.2,15621.2
12820.4,27673.2,4939.4,10791.0
13626.6,34284.4,7777.0,18764.0
10237.0,22751.6,5277.2,10810.2
16976.6,40336.4,9093.0,21060.4
10521.0,25289.4,6121.8,13956.0
12152.6,21964.0,5377.0,8779.4
15279.0,33269.8,9511.2,19217.0
9314.6,16757.6,4270.8,7160.2
11063.6,22383.8,4918.0,8980.0
16352.4,35898.6,10713.6,23704.2
11171.4,37374.4,6494.0,19902.2
17248.2,37435.8,7328.8,15510.8
11797.0,24762.4,6306.2,11918.2
13163.0,21146.4,4440.8,7607.8
13936.6,30627.0,6551.0,13453.0
14852.8,28731.8,6510.8,11553.0
11859.0,23182.8,4967.2,8940.2
21576.4,48798.0,9073.0,21919.2
10056.6,22907.6,6369.2,14689.8
15252.6,35968.2,5785.0,12946.6
16930.4,35680.0,8350.0,17765.0
12696.0,21386.8,4467.8,7823.0
12980.6,28980.2,5327.6,12299.6
24716.8,49218.8,7657.8,14623.4
13956.6,34187.6,7152.2,17953.2
9292.4,14464.4,4040.2,6692.0
16640.2,31028.0,8184.0,14045.6
25131.0,52803.2,9002.4,18144.0
21797.0,51317.0,10564.0,22988.8
11651.8,25408.6,5996.0,11722.2
14064.6,24736.4,5121.0,9149.0
20091.8,56898.0,7113.6,21207.2
15009.8,29339.0,6511.2,13404.8
14549.0,27890.2,7624.0,12266.6
13417.6,23893.4,6592.0,12295.2
21614.8,37385.8,9296.0,16500.2
8928.2,18024.6,4461.8,8805.4
15456.0,36116.4,6565.2,15910.2
21120.4,41375.8,9332.0,16624.8
9305.0,22048.0,4733.8,11156.8
25182.2,48807.4,11675.2,23541.4
14162.6,35636.8,6085.6,16127.4
7315.8,29651.6,3582.6,14440.0
12901.8,23259.0,4930.0,9320.4
19300.6,39017.6,10205.8,20774.8
12959.6,30435.6,6324.0,14392.8
11967.2,24200.0,5950.2,11653.0
15552.2,45240.6,7783.0,23295.4
18987.0,52895.2,9230.4,23821.2
21229.0,33764.6,10912.2,16843.4
13293.0,19991.0,5462.0,8730.0
22480.6,44060.4,10202.8,19812.6
11803.0,21047.8,6048.2,10939.6
16699.2,42859.6,7295.8,16757.6
13101.4,28437.0,5603.4,11588.6
19219.2,39449.6,10234.4,21835.2
11859.0,23182.8,4967.2,8940.2
11684.4,32984.6,5916.6,14979.2
10237.0,22751.6,5277.2,10810.2
16551.2,43377.0,7473.8,17847.8
18716.4,46929.8,8476.2,22293.0
17242.0,35624.8,7470.6,13455.4
25629.6,65970.0,8546.2,18632.2
8954.2,18381.8,4048.0,8638.4
12450.0,33291.8,5775.4,13879.8
9061.4,15310.0,3786.8,6511.0
11896.2,25671.6,5352.8,11872.0
12166.2,20445.0,5094.0,8892.0
17981.6,54276.2,8176.0,23773.4
19417.8,40176.6,7737.2,13403.0
12339.6,27992.0,5403.6,11511.8
24593.2,62841.4,8267.6,20944.6
15389.4,45689.6,7899.0,24207.8
11370.2,35825.0,5089.2,12373.8
30374.2,58633.8,10458.8,21523.4
15343.4,38014.4,8407.8,19330.0
15819.8,36558.8,7872.0,17702.6
16183.8,30927.6,6384.4,12577.8
11567.8,24544.2,5891.2,11170.2
13046.2,35629.0,5748.2,16624.8
8928.8,16790.0,5448.4,10032.6
12044.0,25442.0,7079.2,14011.4
17828.4,38700.8,8288.2,17195.4
18007.8,42363.4,10881.4,26103.6
7797.8,17173.0,4064.6,8194.8
14653.4,39903.8,7162.0,20048.4
16510.4,36578.4,9868.4,21021.2
14714.6,42705.2,7880.6,22102.0
23645.2,47080.6,7417.2,12098.6
7664.0,17337.0,4538.2,10195.4
10583.0,23259.0,4070.2,9094.4
9502.8,24846.4,5653.4,13987.4
22111.8,30207.6,9298.8,12383.0
8230.0,17243.8,3708.4,7739.4
65019.6,128960.0,20114.4,35639.4
14461.0,26879.2,5101.0,9639.4
20204.0,42761.4,10376.6,21372.4
16351.8,32583.4,9605.0,19393.4
11803.0,21047.8,6048.2,10939.6
16651.6,41703.6,6019.4,15257.4
24653.2,43957.4,10051.2,18746.0
10193.8,22174.6,4938.0,10003.0
12933.4,29214.2,5430.8,12963.4
16064.0,34254.4,4883.8,9203.6
10338.8,24036.4,5617.2,13385.2
9395.6,21502.8,4264.4,9335.4
25070.2,60327.0,8693.2,20583.8
19141.6,50657.4,8034.8,21278.4
19244.0,43334.2,9147.8,19459.0
10723.8,21773.6,4824.6,9351.0
22380.4,54267.2,9233.6,23381.4
10445.2,24510.4,5454.2,12670.0
18983.4,42691.0,8551.6,18504.2
11843.0,29780.4,5260.2,13746.2
14715.4,23986.4,5992.2,9003.0
17036.4,38647.8,9870.0,21136.2
16128.2,27436.4,8883.8,13848.0
12180.4,24615.6,5095.8,9131.6
10193.8,22174.6,4938.0,10003.0
16476.0,38238.0,7950.8,16564.6
17877.8,35831.8,7826.2,15402.4
15774.8,34660.0,7662.8,14760.0
15814.2,51010.6,6420.0,19286.4
20091.8,56898.0,7113.6,21207.2
16994.6,36427.2,7576.0,14111.6
22611.4,61259.0,9972.2,27371.0
12655.8,25024.0,7135.8,13622.6
24364.6,65799.4,7950.0,17186.0
14700.4,30266.6,8595.8,18371.8
14436.4,28963.6,5693.8,12016.8
9697.2,19913.2,5055.2,9920.8
29684.6,58418.8,12394.8,25268.4
7026.8,13166.0,3391.6,6462.8
10622.2,24180.6,4325.6,10278.4
9112.2,18468.6,4766.2,9210.4
19922.2,47330.0,7820.8,18324.2
16329.2,39350.6,8768.8,19515.0
13526.4,26422.8,4665.2,8610.4
12860.8,27966.2,5175.0,11490.4
9510.0,21383.8,4560.0,10160.4
8730.6,14453.4,4024.2,6942.0
17342.2,34505.8,8742.8,17715.0
24529.8,70830.4,10743.6,32513.6
16781.8,37544.0,5363.2,11983.4
14332.0,33770.6,7144.4,17102.2
45545.0,78764.2,19311.8,27985.0
30302.0,66992.8,16486.0,33752.6
12801.4,24888.2,5386.2,9342.2
10445.2,24510.4,5454.2,12670.0
15149.6,34848.8,6305.6,13584.0
17170.0,33273.8,7424.0,13071.2
14840.6,36935.2,6545.2,17181.0
10158.6,21926.6,5946.0,12450.8
11844.8,24080.0,5744.4,9161.0
13184.8,39409.0,6924.4,20122.6
13624.6,26889.8,6668.8,13249.8
16730.8,42428.0,10242.2,24559.8
11448.8,22254.6,4896.8,8157.6
15054.4,29642.6,8362.4,16081.2
14420.6,31452.8,6350.6,13674.2
15069.2,31646.0,6908.2,14251.2
21163.4,69165.2,10003.4,33124.8
12498.8,40370.0,6939.4,17882.8
15011.2,38223.2,8256.8,17734.2
9122.6,18515.8,4750.8,10095.8
16702.0,33360.8,10735.8,20549.6
7020.6,16793.0,3042.2,7072.0
17382.4,30608.0,10892.0,20047.8
21288.6,40884.4,9217.4,16186.8
9821.2,20517.6,4583.4,9052.8
11659.6,22535.8,5319.2,10133.0
14135.0,32154.4,7376.0,16665.4
19642.6,34336.4,9668.8,15738.0
29224.4,46152.0,13788.4,23030.8
23971.4,41375.4,7670.2,12580.6
18040.0,48248.0,8364.6,19333.8
19482.4,36343.2,8985.0,15669.0
14175.4,35704.4,5036.2,11111.8
18217.2,39749.8,8984.8,18220.6
12848.2,22636.8,6304.0,10627.4
10361.6,23812.4,4690.6,10175.4
17962.2,48727.2,9471.6,24578.8
16730.8,42428.0,10242.2,24559.8
10371.6,17040.4,4476.8,7300.4
12860.8,27966.2,5175.0,11490.4
13368.8,34551.2,6560.0,15549.8
14008.4,27502.6,5552.8,11499.4
8297.0,16148.4,4464.4,8442.6
24227.8,44482.6,9691.2,18504.8
14289.8,32404.4,6986.6,14407.4
9905.2,26102.2,5951.8,14731.6
17398.2,46608.4,6904.0,18269.6
24551.8,38755.0,10106.8,15353.6
15361.4,31648.0,5413.6,9545.0
12999.2,30139.0,5013.0,10793.2
19599.4,46519.0,9087.0,21908.0
13667.6,21203.8,7494.2,11343.8
13078.8,23483.8,4654.6,8449.6
15793.4,44647.8,7994.0,20280.2
15252.6,35968.2,5785.0,12946.6
14175.4,35704.4,5036.2,11111.8
16261.4,34787.0,7238.6,16001.8
16409.2,40747.2,7617.0,16708.4
8621.2,18197.8,4621.6,9559.2
27313.6,63507.2,9349.0,22208.2
14683.0,36012.6,5653.6,13477.6
17139.2,41279.2,6681.0,14020.4
15217.4,35446.0,4974.2,10596.6
13446.0,27865.2,6599.0,13370.8
12933.4,29214.2,5430.8,12963.4
11106.6,22045.6,5309.8,10460.4
17911.0,35638.8,8326.4,15992.0
13822.4,31272.4,5592.4,11618.0
22480.6,44060.4,10202.8,19812.6
10240.6,26623.6,6724.0,17711.0
14419.4,39863.0,6872.6,18365.4
9893.8,20323.8,4575.8,9633.2
11355.8,29225.2,5467.8,14512.2
13051.8,24867.4,5289.8,10603.6
14107.8,26265.2,5974.2,11216.4
8769.6,19553.0,5598.4,11213.2
12744.6,30450.2,7883.0,14276.4
10213.8,27070.0,5322.2,14080.6
13383.8,27742.4,5782.8,11263.2
15389.4,45689.6,7899.0,24207.8
61443.6,123879.4,27503.8,58110.4
17858.2,31572.2,7142.4,13426.4
13825.2,23885.6,5650.2,9107.2
12982.0,22929.8,5888.6,10187.0
16857.6,30364.8,6348.6,10098.4
48211.6,107306.6,26431.6,56712.0
27549.2,42305.2,14859.2,22386.4
13093.2,33150.2,7303.0,18678.2
17561.6,31272.0,7809.2,14346.4
15659.6,40192.0,9511.4,21487.2
17981.6,54276.2,8176.0,23773.4
16918.0,37832.6,7362.0,15033.8
18070.8,41206.6,10537.6,22625.2
15538.6,32783.2,7034.2,15331.8
13286.2,35510.4,5939.0,16720.6
12913.8,23386.6,5307.6,9148.8
11130.2,21615.6,3670.4,6943.8
11099.2,23539.8,3801.0,8431.0
19350.4,40223.0,10822.2,21965.6
26216.4,51437.4,8805.4,18444.0
17246.6,30595.2,7796.0,14262.0
16468.0,22830.0,5328.2,7362.2
15069.2,31646.0,6908.2,14251.2
18148.4,35275.4,10134.8,19743.6
16293.2,34681.2,6515.8,13470.4
16937.0,34161.4,9599.2,19972.2
8928.8,16790.0,5448.4,10032.6
15530.6,35884.8,8644.6,19172.0
13134.4,23941.2,6431.8,11337.8
8081.0,14636.0,3304.4,6086.4
9893.8,20323.8,4575.8,9633.2
9957.8,24102.6,5776.4,14028.0
14521.2,23800.2,7064.6,11429.0
13002.2,24705.4,5165.0,10381.6
16528.6,30136.0,6233.2,11676.8
10677.4,17866.2,5085.6,8356.0
16307.0,36404.4,7002.0,13834.8
13421.8,28966.6,6295.6,11934.6
9796.2,20869.4,4927.2,11018.8
13973.6,45486.2,6893.4,22766.2
16183.8,30927.6,6384.4,12577.8
6751.4,14726.2,3742.0,8449.6
10804.4,19021.0,4793.6,8354.8
9992.2,37239.6,5059.6,19696.4
15754.2,37005.0,6513.8,15097.6
14901.6,26429.0,7238.8,13428.8
27468.4,55074.4,12840.2,22651.0
17398.2,46608.4,6904.0,18269.6
5932.6,24297.4,3723.4,15497.6
12334.2,24615.4,4817.4,10285.4
23645.2,47080.6,7417.2,12098.6
9567.6,22679.4,3251.6,7987.4
17151.6,57630.8,8166.8,23893.0
15067.4,37838.6,6347.0,15514.6
10980.6,25274.4,6715.6,15022.4
18994.8,41371.8,9970.2,22043.0
12653.0,27222.8,4905.4,10216.2
10697.6,16714.2,4910.8,7974.6
7725.2,16489.6,3876.6,8774.6
19642.6,34336.4,9668.8,15738.0
9844.2,24023.2,4921.8,11804.2
11104.0,18681.0,6744.0,10797.2
10674.4,25580.2,6518.8,14231.6
13022.6,24689.4,7755.0,15256.4
13272.4,27493.6,5392.0,10415.4
11488.0,27739.8,6558.8,15514.4
35481.2,65895.8,11350.8,22567.2
18197.8,37334.4,8052.8,16159.2
19581.6,37804.4,9492.6,17950.8
7797.8,17173.0,4064.6,8194.8
12435.6,23248.4,6320.4,11246.8
15032.6,25169.8,6804.2,11919.2
14304.8,31598.6,6415.2,13843.6
9844.2,24023.2,4921.8,11804.2
27746.6,48916.0,11726.0,19297.4
10272.4,28427.0,5127.4,13078.6
18188.2,33838.4,7401.6,13553.0
11204.4,28946.8,6091.4,15393.4
13210.0,20211.4,4793.0,7369.6
14005.2,28339.4,7129.0,14329.4
13589.4,26818.6,6306.8,11257.0
37358.8,80232.2,19290.4,40465.2
14162.6,35636.8,6085.6,16127.4
23981.0,44915.4,15766.0,28768.2
9466.2,16040.4,5538.8,9568.8
13651.8,27669.6,5911.0,11752.4
11347.4,25866.4,6005.0,13899.6
12058.2,24727.6,6667.6,13161.6
8453.8,15929.8,4618.6,8554.0
11804.8,22741.4,4823.2,9260.8
11389.4,25458.4,4944.4,7889.6
29621.4,100188.6,16079.8,46606.4
12959.6,30435.6,6324.0,14392.8
11725.4,24863.8,4790.8,9345.8
15360.6,33012.0,7349.4,14816.8
15009.8,27447.0,9781.6,16700.4
15149.6,25257.8,5354.4,9162.2
10945.0,27371.0,4185.6,10872.0
11671.6,33298.8,5675.6,15182.2
14506.4,27800.6,6732.0,13104.2
13150.2,28458.4,6639.6,14060.6
15511.4,26029.8,9800.0,15012.8
21287.6,43857.2,10358.8,18525.2
14530.2,25510.4,5818.2,10429.6
11978.2,27546.0,4861.0,11680.8
14770.6,24517.0,6836.0,10531.2
15654.8,61871.0,9909.0,30300.4
17619.2,33159.8,8492.0,16469.6
16001.2,32833.4,6482.2,12594.4
16235.6,25348.8,7391.2,12067.0
13525.2,26468.4,5989.6,11872.4
17515.4,47404.2,11112.0,27252.0
13230.6,32498.8,7104.2,17855.0
22380.4,54267.2,9233.6,23381.4
9294.8,23434.4,5674.0,14681.8
16531.0,35435.6,7927.4,17650.8
13555.6,21802.4,4538.0,7828.2
13104.0,33406.2,6919.2,16442.4
6143.6,13603.8,2876.0,6010.0
36245.4,78969.8,13752.0,25845.2
12322.8,19722.6,4828.2,7005.0
9145.6,18900.6,4194.0,7919.4
13640.6,35866.8,8085.8,20323.0
11418.2,25984.8,6340.4,14202.4
12358.8,26168.8,5203.0,10562.0
23476.2,54254.8,12931.8,31099.0
18042.8,32345.4,9457.0,17764.8
16654.4,39861.6,6563.2,15634.4
24653.2,43957.4,10051.2,18746.0
11064.2,29214.4,4348.0,11760.2
12744.6,30450.2,7883.0,14276.4
12913.8,23386.6,5307.6,9148.8
8940.2,19231.6,4815.8,9912.6
18722.6,41263.0,9554.2,19830.2
12225.2,20399.6,5633.0,8548.6
12413.2,37292.2,6818.0,18312.6
13168.0,30054.4,7318.6,15866.6
12901.8,23259.0,4930.0,9320.4
9383.2,15576.4,4003.2,6889.4
10835.0,20301.4,3213.2,5765.2
11797.0,24762.4,6306.2,11918.2
11010.4,29812.6,6720.2,15471.4
14761.6,28605.6,7572.2,14432.4
11844.8,24080.0,5744.4,9161.0
13742.4,41054.2,4779.0,15062.8
7892.4,16626.8,4418.8,9356.2
19159.4,47088.4,10645.2,26278.6
13111.8,22440.2,7195.0,12595.8
27373.0,47566.6,11903.4,19415.8
17509.2,39210.6,6594.4,13287.4
21229.0,33764.6,10912.2,16843.4
13813.4,34177.2,5798.4,13471.8
17036.4,38647.8,9870.0,21136.2
18519.6,39721.6,9598.2,19765.4
15772.4,31576.6,6213.8,12269.6
10056.6,22907.6,6369.2,14689.8
11919.6,25047.6,5596.8,9920.6
17386.2,48487.0,9243.8,24072.8
24529.8,70830.4,10743.6,32513.6
10422.0,26563.2,5602.6,13987.2
8573.0,16779.6,3041.0,6318.6
35536.8,78814.2,13863.0,31218.6
5666.2,11263.6,2827.2,5067.0
19244.8,44648.0,9709.4,22628.0
15034.6,32442.0,7617.0,16212.6
14478.4,28869.4,7185.2,14267.6
11705.8,31118.0,4629.2,12306.6
21776.4,61918.2,11678.6,27286.0
18994.8,41371.8,9970.2,22043.0
16468.0,22830.0,5328.2,7362.2
17049.2,37584.4,10036.8,22149.2
25325.4,42097.6,9742.8,17242.8
14971.2,40664.4,8918.6,24011.4
8699.4,17775.0,4283.6,8762.2
23944.0,51752.6,9153.8,19127.6
13860.0,26095.2,6340.6,11983.6
9021.0,19531.0,4156.4,8944.4
14914.8,30579.8,9548.0,19220.0
7797.8,17173.0,4064.6,8194.8
13094.6,22284.4,5792.2,9342.6
13111.8,22440.2,7195.0,12595.8
21021.4,52254.2,6736.4,16644.8
15341.4,30681.2,6692.8,13877.2
14650.8,28735.2,5691.8,11650.8
9616.2,18387.0,2995.4,5761.0
24318.2,40292.0,9775.0,16720.4
24742.4,46588.6,11355.8,21831.8
17837.4,38191.8,5587.8,9955.0
16903.2,39358.2,10131.4,24059.4
21896.8,35466.8,8567.0,14917.8
14400.2,26503.6,7651.0,12819.8
12686.6,25486.0,4845.2,10160.0
9604.2,15760.2,4528.4,7767.8
16409.2,40747.2,7617.0,16708.4
23389.2,54096.8,16279.4,36614.4
7251.4,19853.6,3892.2,10368.8
15792.8,30598.4,8310.4,14828.8
18859.4,39818.0,8721.2,17071.0
15931.2,44056.8,9483.0,23900.8
12079.4,23593.0,6880.4,13536.6
16781.8,37544.0,5363.2,11983.4
9011.2,17370.2,4909.6,9497.6
15268.6,34338.8,7222.2,16810.2
48089.8,96435.6,21419.0,45009.8
9905.2,26102.2,5951.8,14731.6
11063.6,22383.8,4918.0,8980.0
17735.6,49346.8,6684.6,17843.2
14226.8,28290.2,7106.6,12048.8
9694.8,21380.2,4898.2,10629.0
13315.4,32870.2,7934.4,19079.0
8648.6,17571.6,5012.8,10088.4
14332.0,33770.6,7144.4,17102.2
17858.2,31572.2,7142.4,13426.4
15813.4,42484.0,8897.4,24360.2
12999.2,30139.0,5013.0,10793.2
13307.4,41625.8,6158.0,19544.4
17828.0,28436.8,7727.6,13069.0
18197.8,37334.4,8052.8,16159.2
10587.4,26248.6,5118.8,11920.4
24274.0,66070.2,12237.4,26365.8
9581.8,21823.4,5747.4,12883.4
12878.6,41801.6,5512.2,18363.6
14559.4,33363.8,5761.4,12374.0
20696.4,44783.4,10684.8,22906.0
18933.6,40465.8,9141.6,19359.2
15764.2,31592.8,8804.6,17726.8
9616.2,18387.0,2995.4,5761.0
13947.2,25550.2,7175.4,13069.6
18665.8,35722.4,9046.8,17871.6
9616.2,18387.0,2995.4,5761.0
8674.6,25416.2,4520.0,13138.6
10585.8,29692.6,4568.2,13687.0
9820.2,21422.8,4051.0,8252.6
14549.0,27890.2,7624.0,12266.6
27221.0,59936.8,9436.4,20036.6
19533.4,45138.0,10186.2,23385.4
30741.0,69324.8,9021.4,19402.8
9294.8,23434.4,5674.0,14681.8
11767.4,25654.6,6046.2,12309.8
15903.2,34269.4,7110.0,14259.0
10690.2,25318.4,4743.6,10510.6
10305.4,30176.2,5422.0,15166.0
15511.4,26029.8,9800.0,15012.8
11808.4,27656.8,5704.0,12430.8
16840.6,27386.2,10111.4,16414.8
11803.0,21047.8,6048.2,10939.6
14171.0,43262.8,8606.8,26807.2
10021.6,21123.6,5253.8,11148.0
13395.6,24223.6,4770.8,8144.2
10640.6,24400.4,4811.6,10260.0
8761.2,17048.4,3943.2,7269.6
26913.4,90342.0,14452.6,41923.8
14436.2,32401.0,7518.8,16762.4
10328.0,22819.8,5131.8,10535.4
13806.0,32502.2,6751.4,16211.0
16464.2,36896.4,7529.6,17579.6
13315.4,32870.2,7934.4,19079.0
9141.8,19013.4,3584.0,7540.2
13626.6,34284.4,7777.0,18764.0
13922.4,30155.4,8650.2,17962.2
9931.2,16964.4,4411.0,6789.6
17026.0,35209.4,9077.6,18699.0
12707.2,30027.0,6043.6,14470.4
18729.2,36468.4,8209.0,13964.2
17939.6,33468.8,8703.8,14870.2
6966.0,18890.2,4100.2,10777.2
12684.0,29638.4,5471.0,13570.0
16623.4,33605.8,7342.6,12922.6
15291.0,37987.2,7137.0,17034.2
31732.4,64912.6,11366.6,20214.8
16730.8,42428.0,10242.2,24559.8
8432.2,18926.6,4680.4,10615.0
15389.4,45689.6,7899.0,24207.8
10445.2,24510.4,5454.2,12670.0
8648.6,17571.6,5012.8,10088.4
11592.8,23719.8,6218.2,12258.2
19533.2,42669.4,9684.2,21565.2
15499.6,36770.6,8589.4,19801.8
8191.0,26599.0,4847.2,15472.6
17768.2,45809.6,11418.0,25364.6
13465.6,26502.4,5484.4,9976.4
18332.8,55625.8,8672.8,22045.2
13332.6,25724.8,6116.0,10142.8
21028.8,42853.4,7436.8,15883.6
15436.8,29880.8,6075.6,10680.8
17672.2,43878.0,9321.2,21797.4
12138.6,26421.8,4850.2,10549.6
10979.0,28468.2,5315.4,14520.8
20161.2,33823.4,7543.2,13217.6
13199.2,21108.4,7412.4,11429.2
11174.6,19323.0,4746.8,8608.8
12319.0,22113.4,6115.6,11634.2
8879.4,33079.8,5452.2,14896.6
9977.2,21546.6,4168.8,9502.0
14556.4,31055.6,5373.8,10808.8
15032.6,25169.8,6804.2,11919.2
13111.8,22440.2,7195.0,12595.8
18376.2,54243.0,9548.8,21980.8
9145.6,18900.6,4194.0,7919.4
11496.8,23864.0,5638.2,11859.2
13806.0,32502.2,6751.4,16211.0
16348.4,31727.2,7147.4,12312.0
20867.0,40763.6,7147.8,14107.8
13742.4,41054.2,4779.0,15062.8
17502.8,32391.6,9102.6,17737.2
9314.6,16757.6,4270.8,7160.2
17616.6,34809.4,7426.8,14037.4
11741.4,20684.0,4134.0,7412.2
24809.6,66458.8,13601.8,37720.4
13008.6,25428.4,6391.8,12054.2
18754.0,36998.8,8135.0,16520.2
12225.2,20399.6,5633.0,8548.6
12698.0,40538.8,8283.4,26841.0
9986.4,24668.4,4043.4,9908.0
13368.2,33044.6,7704.6,18921.4
15929.2,38331.2,8696.0,16904.4
18217.2,39749.8,8984.8,18220.6
14260.4,33427.6,6593.6,15576.0
8989.4,18394.6,4059.6,8531.2
14714.6,42705.2,7880.6,22102.0
9195.6,23359.0,4853.4,12074.4
47398.6,98708.8,18514.2,38916.6
9499.2,23736.4,5628.4,13380.4
15112.4,34868.2,8904.6,19940.6
15491.8,37186.0,7402.2,17134.0
7989.4,17802.0,3841.4,9036.2
10790.8,21129.8,4251.0,8357.8
16861.6,33247.8,7761.2,16149.8
27436.4,66697.8,11564.4,26590.0
8928.2,18024.6,4461.8,8805.4
18355.0,41826.0,9197.6,16406.6
15637.0,34129.8,6756.2,15371.8
17480.0,44366.0,9148.4,21423.0
16781.8,37544.0,5363.2,11983.4
9958.6,20460.0,4459.8,8245.2
13938.6,34755.4,5813.0,15415.2
12562.8,31828.2,8149.6,17223.6
12933.4,29214.2,5430.8,12963.4
22736.2,43752.6,11295.6,21539.0
19947.4,37883.8,10256.2,19559.8
9498.4,24043.6,4409.4,11696.8
12128.4,27009.6,5711.0,11761.2
20575.6,48642.8,12573.6,27521.2
10012.2,24946.0,4076.2,10347.4
17233.4,40081.4,7579.2,16649.4
12977.0,26510.0,5393.0,11469.6
15654.8,61871.0,9909.0,30300.4
13623.4,33808.2,5555.4,14243.2
12702.0,27920.0,6081.6,12550.4
13142.2,25449.4,4053.8,7998.0
15586.8,31964.8,7197.6,15584.6
14908.4,31131.4,7096.4,14490.8
15564.6,34543.0,9390.0,20994.2
12913.8,23386.6,5307.6,9148.8
14667.0,45487.6,7327.6,22999.4
17824.0,42072.2,5831.2,13923.2
13368.8,34551.2,6560.0,15549.8
12111.8,25603.4,4999.2,9684.8
12014.0,27023.4,6443.2,12864.8
10150.2,18026.2,4709.4,8603.6
17981.6,54276.2,8176.0,23773.4
17413.8,38135.2,7786.4,17470.0
16586.6,29733.0,4542.8,8748.6
12098.8,27660.2,7620.6,17096.8
10190.4,20407.4,5370.4,11153.2
15579.6,31248.0,8770.2,16121.8
14693.8,33234.2,7258.8,16576.0
20699.4,45409.4,6740.6,14993.0
17237.4,42013.4,8403.6,18615.8
13654.4,32422.0,6298.8,14094.0
13380.6,43347.2,5692.8,18943.4
15217.4,35446.0,4974.2,10596.6
25418.8,45681.2,10943.6,19195.2
12587.0,26526.8,4623.0,9910.0
17398.2,46608.4,6904.0,18269.6
9574.8,15263.2,4569.6,7663.2
20244.6,44480.6,8894.6,16395.4
10426.4,27642.6,7004.8,16830.0
12710.2,34737.0,5752.0,16400.4
15564.4,40586.4,9361.0,23619.8
20970.2,47005.8,9073.0,18580.6
11698.2,16409.0,3958.2,5609.8
13724.6,25887.8,6757.2,11068.4
9926.8,23781.0,4581.8,10914.2
14908.4,31131.4,7096.4,14490.8
24494.8,56007.2,10804.2,23614.2
12412.6,19601.0,4832.8,6934.8
12287.0,24742.6,3829.6,7306.0
21058.6,36093.6,8867.6,15599.0
9639.4,22189.8,5000.0,11536.0
24557.8,56523.4,9519.8,20739.8
14124.4,33069.4,6403.0,13822.0
8780.4,18440.2,4917.2,10802.0
21584.0,37226.8,11734.8,21055.4
30302.0,66992.8,16486.0,33752.6
10548.0,20031.4,4941.0,7357.8
15005.8,31555.2,7517.8,15597.2
12309.8,26843.2,7630.4,15746.0
12192.0,37707.4,6468.8,18937.8
8648.6,17571.6,5012.8,10088.4
10758.0,18745.6,5735.2,8969.8
16510.4,36578.4,9868.4,21021.2
15096.2,30007.4,5992.6,12563.2
11606.2,24446.4,5844.4,12372.2
12602.2,22073.4,5887.8,10079.4
15579.6,31248.0,8770.2,16121.8
19398.6,54207.2,6919.4,19749.6
40588.4,61512.2,17015.8,23937.2
10301.8,22190.6,5920.6,12040.0
14714.6,42705.2,7880.6,22102.0
21286.0,48421.2,12703.0,26980.6
19508.4,42392.0,10716.6,23177.0
8214.4,15499.6,3172.8,6205.4
19148.4,45974.6,7647.6,18061.4
10348.2,18731.0,5358.2,8842.2
13340.8,30853.8,8635.6,20343.6
9834.6,17970.6,5003.2,7462.0
16206.4,34492.8,8428.6,16996.2
11440.8,21982.8,5831.6,10962.6
19683.2,32156.8,8122.0,13665.8
13846.8,29216.2,6512.2,14092.6
8979.0,23127.6,4820.8,11704.2
17619.2,33159.8,8492.0,16469.6
13443.6,32366.2,6656.2,15242.8
9105.2,21217.4,4536.0,10999.8
19050.2,50531.6,9204.0,22133.4
15147.4,31502.4,6717.2,14323.0
15522.0,32114.2,7892.2,13559.0
15314.8,30049.4,5537.6,10858.4
11044.4,31795.0,6923.4,20243.4
13315.4,32870.2,7934.4,19079.0
13511.0,29281.0,7410.6,15268.4
15801.4,37051.2,7860.8,18388.4
8941.2,16456.2,4955.2,9143.6
37497.8,111293.4,13606.0,38889.0
9314.6,16757.6,4270.8,7160.2
11347.4,25866.4,6005.0,13899.6
20973.4,41892.2,9577.6,19844.8
16420.2,46383.6,6946.0,18713.4
22467.2,54831.2,10905.4,24234.8
13625.2,29329.0,5559.8,12489.8
11104.0,18681.0,6744.0,10797.2
13283.8,40605.2,6703.8,20379.0
22380.4,54267.2,9233.6,23381.4
16646.8,29673.6,7980.6,13153.4
20155.0,46898.8,9825.8,21669.4
11367.0,21293.0,6942.4,12945.0
17565.6,50657.0,8127.2,21973.6
31083.8,45981.2,11851.2,16902.4
17619.2,33159.8,8492.0,16469.6
14614.4,28203.6,5283.6,9293.4
17621.0,41196.6,8857.0,20557.6
12962.8,31838.4,5658.8,14229.4
12572.0,31047.2,6694.8,15648.4
9466.2,16040.4,5538.8,9568.8
22247.0,53201.0,11654.2,25981.4
16167.6,32131.0,7516.6,13762.2
8980.0,18144.8,5000.2,10296.2
13240.8,26464.6,6004.0,11128.8
20562.8,43886.2,10546.8,21565.8
25979.4,61927.4,5921.2,14307.8
14496.0,38927.2,6753.2,15388.6
12051.8,32773.6,6309.8,17098.4
7879.8,27140.0,4830.8,16249.0
12050.0,32112.0,7135.6,17887.6
17568.2,49427.6,9064.0,21101.4
10414.2,30075.2,6117.6,15943.8
19259.0,36333.4,8250.4,16487.4
18716.4,46929.8,8476.2,22293.0
11575.8,30292.0,5485.8,12838.2
9697.2,19913.2,5055.2,9920.8
17963.0,42461.6,9969.2,22534.8
30337.0,50009.0,15066.4,25979.2
11639.2,22305.2,6499.6,11952.0
9294.8,23434.4,5674.0,14681.8
28127.0,59602.2,18464.6,40164.8
8737.4,18033.8,4214.8,8902.0
8928.2,18024.6,4461.8,8805.4
27922.4,57470.8,12124.2,25945.8
8849.6,15566.6,3491.2,6210.0
13795.8,30684.0,6832.6,15839.8
8082.2,26128.4,4238.8,13726.4
13589.4,26818.6,6306.8,11257.0
21759.6,40421.4,8788.6,17222.6
11741.4,20684.0,4134.0,7412.2
14124.4,33069.4,6403.0,13822.0
14002.0,25802.0,5992.8,11679.8
25070.2,60327.0,8693.2,20583.8
15491.8,37186.0,7402.2,17134.0
40494.6,73740.0,14084.2,27207.4
21634.2,36430.0,8146.2,14256.8
14268.2,33009.6,5887.8,13248.2
10130.6,19557.0,5740.8,11402.6
8010.0,18165.0,4376.8,9947.2
13845.4,26069.2,5252.2,9006.2
15059.2,40010.6,6735.6,18505.2
9275.6,18190.4,4205.6,8470.8
15103.8,28226.4,7504.6,14284.8
19088.0,31867.8,11639.6,17753.8
20633.6,37668.0,10413.6,17659.2
13841.8,38355.2,6472.4,17443.8
12259.2,24379.4,5640.2,11058.4
16781.8,37544.0,5363.2,11983.4
16840.6,27386.2,10111.4,16414.8
18126.2,34498.2,7291.2,14731.0
16055.4,29455.6,5138.8,10018.0
22289.2,45989.4,10672.0,19950.2
10371.6,17040.4,4476.8,7300.4
9193.0,19473.6,5148.6,10509.4
13795.8,30684.0,6832.6,15839.8
13094.2,26174.2,6432.0,13013.8
7892.4,16626.8,4418.8,9356.2
14614.4,28203.6,5283.6,9293.4
8419.4,22857.0,3933.2,10548.8
13838.8,24669.6,5517.8,9405.6
8499.6,15301.8,4064.4,7741.4
12348.8,28458.2,6826.2,15309.2
13804.0,31284.2,6754.4,13953.6
18646.6,38595.0,10883.4,22784.4
14450.6,27441.0,7962.4,15127.8
10251.6,19124.2,6128.2,10498.0
12644.4,24359.8,4359.8,6909.2
24529.8,70830.4,10743.6,32513.6
13922.4,30155.4,8650.2,17962.2
18198.2,37517.6,7757.6,16723.8
11033.6,24752.0,6969.4,15712.0
11669.4,23267.2,7129.0,13335.6
14996.2,32661.0,9755.6,18917.6
10499.8,21066.0,4837.4,8788.4
17858.2,31572.2,7142.4,13426.4
11976.6,22718.0,5315.2,8888.2
11600.4,26891.6,6188.4,13310.2
8469.0,18869.4,4996.8,10817.0
11354.2,26298.4,4889.2,11548.6
21311.0,43961.4,10795.2,22563.6
7725.2,16489.6,3876.6,8774.6
13944.2,38395.6,6767.8,17647.6
13307.4,41625.8,6158.0,19544.4
13597.2,24807.8,7446.6,12248.8
23563.4,54180.6,10457.0,23023.2
14082.6,27250.2,8115.6,15112.8
19020.6,50010.2,9611.2,25129.8
9784.2,19133.0,3930.2,7894.0
30077.8,45761.2,12913.6,18615.0
17550.4,37285.6,10222.2,20052.8
13168.0,30054.4,7318.6,15866.6
11257.8,27736.4,5778.6,12984.8
23731.0,41600.8,10639.8,18052.6
27369.0,60928.4,10474.4,22814.2
8835.6,18294.2,4529.6,8718.4
9955.6,22235.0,5557.2,11461.0
19657.0,58660.6,9550.6,29022.2
12299.8,26058.2,5906.4,11627.8
11064.2,29214.4,4348.0,11760.2
15853.4,42500.4,7379.2,19792.4
8421.4,21518.4,5090.6,13050.8
15512.2,25222.0,4173.8,7268.2
12051.8,32773.6,6309.8,17098.4
8070.8,15413.0,4499.6,8381.0
13134.4,23941.2,6431.8,11337.8
14990.6,33157.0,8401.4,15950.0
21933.2,48784.6,9653.2,20302.6
8862.2,21909.0,5293.4,12259.2
13497.6,33970.6,6796.8,17164.8
20611.8,42003.0,11017.4,21250.2
8667.8,18385.6,3760.0,7889.4
10552.8,20339.6,6121.0,12208.6
8849.6,15566.6,3491.2,6210.0
21349.4,52531.8,13676.6,33168.2
15564.6,34543.0,9390.0,20994.2
13982.4,31041.0,6193.6,14317.0
12914.4,39254.0,6304.8,19078.6
18663.2,38117.4,8405.0,16900.0
7605.0,18845.2,4018.8,10096.4
15200.0,33303.0,6467.4,13493.6
9405.0,22223.8,5012.8,12151.2
11716.0,29410.2,7057.8,16627.2
12728.0,38760.6,5583.2,13544.4
15491.8,37186.0,7402.2,17134.0
9957.8,24102.6,5776.4,14028.0
23971.4,41375.4,7670.2,12580.6
13111.8,22440.2,7195.0,12595.8
15617.4,34656.4,6295.4,11106.4
10184.0,20121.0,3955.2,8107.2
15262.6,34349.6,6255.4,13182.2
22611.4,61259.0,9972.2,27371.0
18619.6,37811.4,8599.4,17981.4
12225.2,20399.6,5633.0,8548.6
15593.6,40027.0,6931.6,16398.8
21968.0,37082.8,7050.8,12434.8
17484.0,42107.2,7819.8,18449.0
17837.4,38191.8,5587.8,9955.0
14188.4,33625.6,8113.0,18279.8
8648.6,17571.6,5012.8,10088.4
18343.4,36770.4,6534.0,13890.0
9087.4,20378.6,3884.4,7982.6
10587.4,26248.6,5118.8,11920.4
13919.8,32139.8,5813.8,12299.6
13526.4,26422.8,4665.2,8610.4
17808.2,57400.8,7012.6,22729.6
20134.0,45397.0,7871.4,16806.4
12800.0,24879.6,5093.6,10321.4
14041.4,25868.6,5931.4,10921.2
11289.0,30886.4,5881.0,16010.6
18491.8,36544.0,8244.0,15463.4
8123.2,18109.4,4174.2,9169.6
12968.6,33148.2,8090.2,17672.2
9087.4,20378.6,3884.4,7982.6
18844.4,37370.4,8278.2,15948.4
12301.6,26849.0,6041.4,12004.2
16322.4,40597.0,7798.8,17046.2
15321.8,29669.2,6465.8,11768.2
9889.4,25734.8,4461.8,11645.0
16066.6,31387.0,6910.2,12914.8
13744.0,25406.2,6697.8,10564.4
23807.0,58354.6,5442.8,14073.0
8972.2,21755.6,4125.0,10393.4
9820.2,21422.8,4051.0,8252.6
7020.6,16793.0,3042.2,7072.0
14289.8,32404.4,6986.6,14407.4
15593.6,40027.0,6931.6,16398.8
16440.6,34133.4,7183.0,14941.6
12002.6,30934.0,7448.4,17408.8
14779.2,34488.2,6963.0,12905.2
7373.6,15588.8,3488.2,7824.0
13260.6,33757.0,6160.4,15789.8
15238.2,41540.8,7847.4,19231.4
9986.4,24668.4,4043.4,9908.0
10193.8,22174.6,4938.0,10003.0
10518.4,22805.4,4633.8,10461.2
15449.4,25354.0,8790.4,13886.6
14870.6,28822.6,5538.8,9228.4
14521.2,23800.2,7064.6,11429.0
15248.4,31615.4,7519.4,14123.2
14908.6,31171.6,6623.2,14114.2
14170.4,31992.6,7142.6,16208.0
12105.4,26788.6,7071.8,14530.8
8042.8,21590.4,5150.6,13197.6
6263.0,17081.6,3278.2,8766.6
17060.6,34725.6,6725.4,14138.2
24227.8,44482.6,9691.2,18504.8
14307.4,32417.2,8768.0,18069.2
8300.0,17386.0,4012.0,8628.0
21703.0,62033.2,10758.4,30863.0
8042.8,21590.4,5150.6,13197.6
19967.2,37056.0,13050.8,23518.6
17748.2,34879.8,9297.0,19004.6
14184.6,22882.0,6519.0,10621.0
19945.8,37591.0,13125.0,24048.8
12309.8,26843.2,7630.4,15746.0
19110.4,43732.8,8574.4,18765.2
17905.0,33126.2,7795.2,15229.0
17824.0,42072.2,5831.2,13923.2
9879.8,22220.0,3446.6,8123.8
10635.6,22442.8,4984.6,9963.2
12328.0,31136.8,6305.0,16293.6
10369.0,24310.6,5853.8,13408.8
25418.8,45681.2,10943.6,19195.2
12555.6,32843.6,6698.2,17524.4
23981.0,44915.4,15766.0,28768.2
12604.2,32624.4,5852.0,14290.0
9640.2,18461.0,4689.8,9026.6
9159.0,17130.6,4096.6,7330.8
13822.4,31272.4,5592.4,11618.0
10704.8,18520.4,5125.8,8542.4
9893.8,20323.8,4575.8,9633.2
21235.8,54620.6,10585.0,26952.2
14814.0,37507.8,6637.4,15677.2
25070.2,60327.0,8693.2,20583.8
22235.2,50231.8,9808.8,20386.0
16304.8,33260.2,7669.8,14286.0
14735.2,34526.8,8505.6,19574.0
7217.2,14144.4,3846.8,7328.0
14224.8,26919.4,7221.6,13891.6
12452.6,28724.4,6408.8,15135.2
26218.0,55114.0,15173.8,29045.6
22380.4,54267.2,9233.6,23381.4
11797.0,24762.4,6306.2,11918.2
11044.4,31795.0,6923.4,20243.4
12356.6,27187.2,6785.8,15128.8
50470.8,86360.0,14305.4,25972.4
16164.8,46739.2,8500.0,22954.8
12690.0,27743.2,7072.2,15186.6
18126.2,34498.2,7291.2,14731.0
15341.4,30681.2,6692.8,13877.2
20459.6,56187.2,8997.4,24932.4
10338.8,20168.0,4357.6,8713.4
13936.6,30627.0,6551.0,13453.0
14743.4,32316.8,8758.0,18768.8
20726.2,60813.4,9202.4,26810.4
19642.6,34336.4,9668.8,15738.0
10465.4,25678.8,4510.8,11450.4
13244.4,27284.2,7635.4,15656.6
8469.0,18869.4,4996.8,10817.0
7892.4,16626.8,4418.8,9356.2
12507.4,28137.8,6887.0,16019.2
16440.6,34133.4,7183.0,14941.6
18301.4,39115.4,7171.8,15403.4
17735.6,49346.8,6684.6,17843.2
22467.2,54831.2,10905.4,24234.8
8428.0,16698.2,3874.6,8130.8
14162.6,35636.8,6085.6,16127.4
28946.2,53910.6,11680.8,23112.6
12683.8,23829.6,7289.4,13398.4
11434.0,25901.2,5522.6,10529.6
12616.2,24291.4,6445.2,11804.0
12673.4,29006.2,5248.0,12339.0
13464.6,28209.6,4712.0,9938.4
16649.4,31249.2,7702.4,13538.4
8012.2,16358.2,3973.0,7806.2
26913.4,90342.0,14452.6,41923.8
13433.6,32506.0,7020.0,13634.0
17360.2,37605.4,6678.2,14700.8
11099.2,23539.8,3801.0,8431.0
19020.6,50010.2,9611.2,25129.8
15794.6,28524.4,9307.8,15700.0
15009.8,27447.0,9781.6,16700.4
9498.4,24043.6,4409.4,11696.8
13536.0,33500.8,4668.0,10817.4
19162.2,43382.2,9357.4,19182.6
26775.0,54691.2,9581.6,18767.0
14852.8,28731.8,6510.8,11553.0
13922.4,30155.4,8650.2,17962.2
17616.6,41183.0,9937.8,21958.6
16207.8,33012.4,8561.6,16591.6
16464.2,36896.4,7529.6,17579.6
10629.8,23459.2,4840.4,9944.0
6747.4,15479.8,3437.8,8140.2
19652.4,38959.6,8017.8,16803.2
24451.0,45050.6,8722.6,15012.6
35257.2,78789.0,13467.6,30002.8
17434.0,45424.0,8621.4,22981.0
17880.8,38473.2,6960.6,15497.0
21858.6,46123.6,8838.6,17265.2
21286.0,48421.2,12703.0,26980.6
16165.6,41885.4,6311.2,14929.8
16195.8,48937.6,6961.6,18849.4
20229.6,48474.8,11333.0,24864.4
13971.0,25634.4,4856.6,9586.2
12417.6,30218.4,6731.4,16104.4
18669.8,35524.6,9480.6,18576.6
22091.8,38099.0,10698.6,17361.4
18148.4,35275.4,10134.8,19743.6
34683.6,79534.8,16872.0,34558.6
10731.6,21499.0,4551.4,8705.8
14907.6,31325.8,7292.8,15193.0
23715.4,46596.2,10146.0,21294.8
10516.8,20998.2,5200.2,10438.4
10698.2,21108.4,3636.8,7500.0
16547.0,34906.4,7110.2,14733.4
13860.6,27022.0,5896.0,10236.8
9289.4,20042.0,4319.6,9013.0
12559.4,26837.8,7513.0,15401.6
18734.2,40490.2,9890.2,18258.6
16547.8,35864.6,7943.4,17233.6
15914.6,40348.6,7683.8,18614.0
7009.0,15868.6,3407.2,7046.0
8769.6,19553.0,5598.4,11213.2
26961.8,57215.2,10486.6,19167.2
14732.4,33128.2,6372.6,11851.4
16690.0,34208.6,7222.8,13133.2
14652.4,31468.4,5392.8,11032.0
10063.6,26985.6,4456.0,12576.0
14111.2,35399.6,4927.8,11541.8
15664.6,49747.6,6643.8,21156.8
14134.6,23273.2,8602.4,13342.0
22611.4,61259.0,9972.2,27371.0
11762.6,18715.0,4699.4,7770.8
15041.2,32880.4,6536.0,12537.0
14192.2,32240.4,7832.6,17766.8
8421.4,21518.4,5090.6,13050.8
15249.2,40182.6,9392.8,23513.0
10587.4,26248.6,5118.8,11920.4
12287.0,24742.6,3829.6,7306.0
19222.2,31912.4,7612.6,13515.8
13793.0,35709.6,6458.6,16601.6
13624.8,31574.6,5715.6,12567.0
13795.8,30684.0,6832.6,15839.8
15994.6,47508.0,11327.4,26512.6
10110.6,19212.6,5129.2,10038.4
12720.6,35316.0,7357.0,20610.6
24500.4,66367.2,11967.8,33171.6
16102.8,47202.2,6107.6,18779.2
10959.6,29091.2,4351.8,11147.4
18046.2,38489.0,8434.8,18603.2
20572.2,37100.2,9114.0,15929.0
21055.2,46352.8,6129.6,14487.6
26032.0,39671.0,14700.2,23019.0
10560.0,22930.0,5108.4,10192.8
10587.4,26248.6,5118.8,11920.4
17041.8,35393.2,6426.4,14134.2
18332.0,38746.8,8122.2,17057.0
17509.2,39210.6,6594.4,13287.4
19542.6,47885.0,11327.4,26240.8
24593.2,62841.4,8267.6,20944.6
11104.0,18681.0,6744.0,10797.2
14688.0,29832.0,8318.6,16740.6
14614.4,28203.6,5283.6,9293.4
13181.2,29110.0,6619.4,13379.0
15005.6,35210.4,7921.0,16773.0
14378.4,28181.6,5178.2,10113.6
10020.6,21661.4,5238.0,10946.4
17417.8,35660.2,8567.6,16872.0
10243.4,18481.4,4728.8,8368.2
12285.4,24085.4,4531.8,8724.8
9275.6,18190.4,4205.6,8470.8
9087.4,20378.6,3884.4,7982.6
14332.0,33770.6,7144.4,17102.2
9730.8,22601.2,4348.2,9644.0
15274.4,57680.6,9605.6,28725.0
16129.4,36531.2,6887.6,15567.6
18743.4,35974.4,7227.0,14402.2
15865.8,34711.4,6353.6,14797.6
14823.6,26246.8,7507.0,13914.8
21285.4,49772.2,8251.4,19083.8
13521.6,30463.0,6238.4,14216.4
13037.8,28249.6,4663.8,10534.0
15216.4,25832.2,4662.4,7962.2
14614.4,28203.6,5283.6,9293.4
12050.0,32112.0,7135.6,17887.6
15112.4,34868.2,8904.6,19940.6
24809.6,66458.8,13601.8,37720.4
12119.4,24069.6,6776.2,12947.8
15772.4,31576.6,6213.8,12269.6
12555.6,32843.6,6698.2,17524.4
14549.0,27890.2,7624.0,12266.6
15978.4,33387.2,5388.0,10168.0
13012.2,36448.8,6567.6,17676.8
14852.2,39644.6,9106.4,22100.8
14631.2,22302.8,4969.8,8008.6
18256.2,39583.4,7189.0,15608.6
25629.6,65970.0,8546.2,18632.2
13464.6,28209.6,4712.0,9938.4
16249.8,36725.8,6717.4,16058.8
8648.6,17571.6,5012.8,10088.4
13107.2,40269.0,5979.8,15305.4
15552.2,45240.6,7783.0,23295.4
12044.0,25442.0,7079.2,14011.4
13973.2,29964.0,5702.8,11331.2
19177.0,32455.6,7732.2,12733.0
11262.6,20221.0,5613.0,10275.4
20204.0,42761.4,10376.6,21372.4
14329.8,28715.0,7933.8,14976.8
15693.0,55718.4,6504.0,22473.8
11611.4,27514.6,4954.0,12435.8
10979.0,28468.2,5315.4,14520.8
11803.0,21047.8,6048.2,10939.6
24529.8,70830.4,10743.6,32513.6
25182.2,48807.4,11675.2,23541.4
14177.0,32379.8,8971.2,20545.4
18007.8,42363.4,10881.4,26103.6
8980.0,18144.8,5000.2,10296.2
13619.2,31232.6,6594.2,15004.6
14638.8,30491.4,6405.0,13130.4
31732.4,64912.6,11366.6,20214.8
10042.8,20701.6,4165.0,9185.8
14695.2,29417.0,8648.2,16628.4
12014.0,27023.4,6443.2,12864.8
18157.0,37208.4,10732.0,22856.6
8421.4,21518.4,5090.6,13050.8
12974.0,36560.6,6501.8,18361.2
15793.4,44647.8,7994.0,20280.2
11174.8,36151.4,6817.4,21806.6
14024.6,41618.8,7806.6,20403.6
21055.2,46352.8,6129.6,14487.6
18132.6,40335.0,5723.4,12766.6
17627.0,36910.8,7357.0,13684.8
15404.4,32950.8,7351.0,16383.4
20432.2,42889.8,7973.0,16715.2
9122.6,18515.8,4750.8,10095.8
17735.6,49346.8,6684.6,17843.2
16687.6,35411.2,9758.0,20642.2
11740.4,28506.4,5860.6,14353.4
12826.0,27404.2,7522.0,13891.8
16949.6,44412.6,8140.8,21499.2
14556.4,31055.6,5373.8,10808.8
10622.2,24180.6,4325.6,10278.4
17982.2,47752.0,8699.0,21847.0
13940.4,46490.0,5936.6,20999.0
12438.2,35836.4,7570.2,20502.6
13755.8,29714.4,5959.0,12249.0
23011.0,54489.2,6557.2,15787.8
24587.8,47482.4,8813.8,16117.4
26032.0,39671.0,14700.2,23019.0
13105.0,33163.0,7334.2,15781.0
17565.6,50657.0,8127.2,21973.6
10533.4,26881.8,4967.0,12900.6
15809.2,45478.8,8701.8,25142.8
9466.2,16040.4,5538.8,9568.8
10755.4,25280.2,5912.0,12812.2
13801.6,23681.0,5321.0,9468.4
10554.8,21337.4,5462.6,10485.4
30987.8,55330.2,13875.0,24834.0
11978.2,27546.0,4861.0,11680.8
8025.6,17011.0,4320.2,8808.8
16609.6,33114.2,6522.4,13799.4
10675.2,22925.0,5204.6,10805.0
9559.0,21122.6,4686.8,9611.4
19652.4,38959.6,8017.8,16803.2
17735.6,49346.8,6684.6,17843.2
13936.6,30627.0,6551.0,13453.0
23452.2,67111.2,13576.0,38440.4
14066.8,45014.2,7279.4,22129.8
26775.0,54691.2,9581.6,18767.0
17151.6,57630.8,8166.8,23893.0
17505.4,43857.2,10975.8,23672.8
9419.2,19822.8,3737.8,8003.4
11936.6,25392.0,5643.4,10732.2
23731.0,41600.8,10639.8,18052.6
10193.8,22174.6,4938.0,10003.0
10128.8,18331.6,4804.8,8431.2
13937.8,40979.4,6515.4,18810.4
13938.6,34755.4,5813.0,15415.2
13929.4,17334.0,3969.0,5182.0
7541.0,16757.6,5014.4,10738.2
10635.6,22442.8,4984.6,9963.2
17398.2,46608.4,6904.0,18269.6
10116.2,22032.6,4757.2,9947.8
15213.4,31949.0,5517.4,11728.0
9616.2,18387.0,2995.4,5761.0
12708.4,26841.4,6864.8,13302.8
14852.2,39644.6,9106.4,22100.8
14542.0,25208.4,5974.4,9365.0
11088.4,24538.0,5929.0,11648.4
13825.2,31200.4,7941.4,17481.6
11128.2,22397.2,4653.4,9453.6
17148.6,38173.2,7470.6,14481.2
16845.0,29841.4,7216.8,13410.6
20204.0,42761.4,10376.6,21372.4
12805.0,24074.0,7160.6,12440.8
15069.2,31646.0,6908.2,14251.2
20953.0,51231.2,10267.8,23553.0
21286.0,48421.2,12703.0,26980.6
17830.2,35002.4,7414.8,13172.0
16680.0,45210.4,9736.6,24034.6
12954.8,27565.8,6395.2,14444.4
11834.0,23501.6,5396.2,9903.2
24052.4,57709.4,11001.2,27147.2
11167.2,15915.4,3698.2,5236.0
16580.2,51607.2,9891.6,25669.2
8010.0,18165.0,4376.8,9947.2
15079.8,30814.0,6363.0,12970.6
9653.2,24755.2,5729.0,14746.6
12953.8,26669.2,4431.6,7709.6
14752.2,34456.0,8032.8,14873.2
14981.8,29676.0,8434.2,16677.8
24809.6,66458.8,13601.8,37720.4
9957.8,24102.6,5776.4,14028.0
11808.4,27656.8,5704.0,12430.8
17235.0,38946.6,7300.8,14220.2
17635.2,36870.0,6326.6,13838.4
12796.8,25679.2,5537.0,10841.2
19243.4,42899.4,8875.8,20929.0
13218.2,28587.6,6009.8,12833.8
17282.4,50130.6,7455.8,19958.6
11815.4,25165.6,5977.8,10940.0
21356.8,36917.8,10250.0,16885.0
13218.2,28587.6,6009.8,12833.8
13416.2,28616.0,5553.4,10388.4
7708.2,17446.6,4520.2,10373.2
13542.6,26602.4,5503.6,10335.6
12438.2,35836.4,7570.2,20502.6
13089.4,55340.6,7186.2,26664.0
21709.6,45520.8,7549.0,15749.6
13008.6,25428.4,6391.8,12054.2
10318.6,16423.0,4278.4,6721.0
20942.8,38741.0,11509.2,20564.6
15801.0,37266.6,8436.4,20974.0
12330.2,25549.4,8084.0,15219.2
18519.6,39721.6,9598.2,19765.4
9938.0,24457.0,5046.2,11320.6
20736.4,37770.0,7926.2,13454.8
21610.2,29508.4,6002.6,8472.8
19201.8,48749.0,10383.4,26503.2
16808.2,34564.4,8478.2,17825.4
10235.8,22052.6,6059.0,12410.6
15322.4,33769.2,8464.8,17217.8
19064.0,60735.4,8286.4,23601.0
12435.6,23248.4,6320.4,11246.8
14229.0,28450.0,7054.0,14748.6
18241.0,52430.0,9690.2,26826.0
15773.4,29966.4,6413.4,11300.8
17204.0,33649.8,6331.2,9801.8
17013.2,39288.8,7002.2,16220.4
17668.8,40830.4,7313.8,15605.2
18032.6,38056.4,7812.0,16390.0
18041.6,33943.2,8071.2,15340.0
15530.6,35884.8,8644.6,19172.0
13981.0,36925.8,6965.4,18222.2
14750.6,43342.8,7614.0,21808.6
20482.8,40202.4,6950.0,13990.4
12959.6,30435.6,6324.0,14392.8
11698.2,16409.0,3958.2,5609.8
10373.8,19911.2,4887.4,9117.0
27468.4,55074.4,12840.2,22651.0
21285.4,49772.2,8251.4,19083.8
15341.4,30681.2,6692.8,13877.2
16636.6,32124.4,8272.6,14804.8
18449.4,55555.0,9675.4,22140.8
18808.2,37881.4,9101.4,18365.8
15691.6,34886.2,9697.2,20478.0
12809.8,27176.8,4517.8,10006.4
11878.4,21779.8,5813.8,11286.0
13307.4,41625.8,6158.0,19544.4
8230.0,17243.8,3708.4,7739.4
13650.0,28540.8,4257.6,7976.4
12929.2,33124.2,7256.0,15512.6
22959.8,54085.2,8278.6,19315.4
22069.4,44508.4,8705.0,18443.6
12616.2,24291.4,6445.2,11804.0
8978.4,22305.8,4621.0,11874.4
9820.2,21422.8,4051.0,8252.6
25070.2,60327.0,8693.2,20583.8
10456.2,21005.2,4583.8,9838.8
15340.2,33283.2,5608.4,11850.4
16412.6,21092.4,6569.6,8556.8
14630.4,25485.8,5497.8,9985.6
18987.0,52895.2,9230.4,23821.2
12883.0,21903.2,6178.4,10813.6
23995.8,44971.2,6760.4,13265.4
16153.6,47491.4,8194.0,21915.2
13996.4,50363.4,6789.2,24012.0
5666.2,11263.6,2827.2,5067.0
15560.4,29511.8,6215.8,12376.6
16777.2,36175.6,8439.0,18297.0
16276.8,35385.8,9031.8,18403.4
25775.6,55534.0,10308.8,18990.8
8769.6,19553.0,5598.4,11213.2
14521.2,23800.2,7064.6,11429.0
18046.2,38489.0,8434.8,18603.2
7313.2,15729.8,4242.6,9127.8
17735.6,49346.8,6684.6,17843.2
16913.4,45008.0,7629.6,19883.2
16282.6,29461.8,9598.0,15901.8
15790.0,35559.8,7102.4,14893.4
23873.2,43183.0,9915.6,18649.2
17129.0,42249.4,7626.2,19507.6
12992.0,33080.8,6390.8,14889.6
12192.0,37707.4,6468.8,18937.8
17171.4,32962.4,7616.4,14708.6
31473.4,63111.6,16838.8,35393.8
15175.2,36568.8,6699.2,16912.8
10731.6,37644.4,5700.4,20509.4
24969.8,40986.0,12015.4,20685.8
16675.2,41494.8,5582.8,13791.4
10758.0,18745.6,5735.2,8969.8
20498.2,48553.6,6379.8,15045.6
15556.2,30928.0,7390.6,14511.0
10921.0,20104.4,6294.8,11610.8
18541.2,38753.2,8710.6,18052.8
18507.0,36935.2,9275.4,18303.6
21379.6,35153.0,7983.0,12967.6
13546.4,31382.8,6470.8,14375.4
12644.4,24359.8,4359.8,6909.2
13380.6,23484.6,7507.6,12497.0
12929.2,33124.2,7256.0,15512.6
12276.8,28275.4,4504.0,9647.6
15588.2,31066.6,6277.4,12180.8
12333.6,31927.2,6728.0,17328.8
14591.6,27600.6,6303.8,10873.4
10629.8,23459.2,4840.4,9944.0
13149.6,28366.4,7871.8,15274.6
12882.4,21238.4,6297.0,9701.8
13555.6,21802.4,4538.0,7828.2
16481.4,32778.2,11417.8,21772.2
9875.4,20253.6,5576.8,10974.6
8042.8,21590.4,5150.6,13197.6
16526.0,29627.4,7214.2,12531.6
8432.2,18926.6,4680.4,10615.0
19159.4,47088.4,10645.2,26278.6
10230.6,24510.4,5638.2,12999.0
16258.4,33070.6,6818.6,14603.4
17484.0,42107.2,7819.8,18449.0
12318.6,32699.6,6932.6,18222.0
13241.0,41435.0,5851.0,13837.0
11389.4,25458.4,4944.4,7889.6
11128.2,22397.2,4653.4,9453.6
17100.6,38724.2,11254.6,25852.4
9202.2,20541.2,4375.4,9160.0
9616.2,18387.0,2995.4,5761.0
14194.0,32250.2,6269.8,12963.8
6389.0,12559.2,3355.4,6820.6
15801.4,37051.2,7860.8,18388.4
12196.0,25941.6,5657.8,11949.8
22289.2,45989.4,10672.0,19950.2
21911.8,50193.4,13540.4,30020.6
14184.6,22882.0,6519.0,10621.0
15793.4,44647.8,7994.0,20280.2
10499.8,21066.0,4837.4,8788.4
18364.8,47067.6,11431.4,27161.4
10960.2,17568.4,4351.6,6641.6
15579.6,31248.0,8770.2,16121.8
12659.0,25244.8,4556.0,8909.6
17202.2,27793.0,6554.8,9824.0
19134.8,38107.2,6070.4,10028.0
10426.4,27642.6,7004.8,16830.0
21746.0,44949.4,9085.6,16041.2
19171.4,33972.6,7561.0,13171.0
14823.6,26246.8,7507.0,13914.8
26430.6,51939.0,12092.4,24065.8
15248.4,31615.4,7519.4,14123.2
13328.2,27455.0,6404.0,12852.8
14419.4,39863.0,6872.6,18365.4
10434.4,26705.0,4922.6,12216.6
25297.8,64096.0,11391.4,28624.2
18169.6,55743.6,9761.6,29362.0
26032.0,39671.0,14700.2,23019.0
16580.4,38636.0,8229.6,18698.2
17082.0,31787.6,7130.4,12976.0
9693.4,26973.2,4705.4,12625.6
21769.2,48299.6,8311.8,17567.6
20091.8,56898.0,7113.6,21207.2
17788.4,50696.8,10215.4,26170.8
10837.0,22597.0,4934.6,9726.8
8879.4,33079.8,5452.2,14896.6
10767.0,30828.2,5440.6,14869.2
17905.0,33126.2,7795.2,15229.0
11804.8,22741.4,4823.2,9260.8
15288.8,44750.6,7547.8,19035.8
13199.2,21108.4,7412.4,11429.2
10430.8,21941.0,6158.2,12219.0
11128.2,22397.2,4653.4,9453.6
9481.0,16659.0,4171.2,6921.6
10682.0,24547.0,4387.6,10597.2
45545.0,78764.2,19311.8,27985.0
22946.8,53227.0,11382.2,26719.4
15741.4,37130.0,7691.8,17194.8
13312.4,29572.0,7527.0,15949.8
12531.4,31983.6,6853.2,16997.4
13275.2,27038.2,6064.6,9947.4
16175.8,50267.6,9138.0,25544.2
13266.2,24682.6,5066.0,9497.8
10308.6,25368.2,5431.6,12807.2
14181.8,31507.4,7344.0,16340.8
10562.8,33035.4,5534.6,16728.6
8928.2,18024.6,4461.8,8805.4
16504.4,40487.0,7968.4,16763.2
10902.0,25106.0,6938.2,16111.0
10729.0,21475.2,5581.6,10604.0
10896.0,29584.2,5383.4,13926.0
12934.0,29588.8,5255.6,10824.4
16258.4,36627.6,6667.2,15398.4
19748.0,45259.4,9354.8,21018.0
12963.0,32795.8,5854.4,14939.8
10979.0,28468.2,5315.4,14520.8
13271.8,35513.4,5084.8,14223.8
19144.2,32717.4,13235.6,21930.4
18007.8,42363.4,10881.4,26103.6
11030.6,18809.6,5909.4,9682.4
13626.6,34284.4,7777.0,18764.0
26078.4,62294.8,9105.6,19473.6
8879.4,33079.8,5452.2,14896.6
15455.6,24546.0,5474.0,8691.2
20748.4,48055.2,4907.8,11309.8
10921.0,20104.4,6294.8,11610.8
23971.4,41375.4,7670.2,12580.6
22128.6,64906.4,7811.2,23681.2
