province,s_disruption
Bas-Uele,0.9357234606945404
Equateur,0.9921197306247064
Haut-Katanga,0.8845606877872748
Haut-Lomami,0.9887388284591018
Haut-Uele,0.9001555034292671
Ituri,0
Kasaï,0.9344523362931556
Kasaï-Central,0.953770795347604
Kasaï-Oriental,0.9672730921377544
Kinshasa,0.8419507158128388
Kongo-Central,0.978712143488198
Kwango,0.9617567912036999
Kwilu,0.9735617993276542
Lomami,0.9704885984577885
Lualaba,0.8887339258020892
Mai-Ndombe,0.9224200642176638
Maniema,0.8435896228500392
Mongala,0.9930875762719604
Nord-Kivu,0
Nord-Ubangi,0.9812403436598992
Sankuru,0.9721537157023378
Sud-Kivu,0
Sud-Ubangi,0.99508769611507
Tanganyika,0.8705165400258463
Tshopo,0.8631214036261168
Tshuapa,0.9887378397629412
